cloth_temp,cloth_humi,envir_temp,time,rea_time
24,38,85,1,99
24,38,85,1,99
21,62,25.31,2,98
21,62,25.31,2,98
21,62,25.31,2,98
21,62,25.31,2,98
21,62,25.31,2,98
20,71,25.31,2,98
20,71,25.31,2,98
20,71,25.31,2,98
20,71,25.31,2,98
20,71,25.31,2,98
20,70,25.25,3,97
20,70,25.25,3,97
20,70,25.25,3,97
20,70,25.25,3,97
20,70,25.25,3,97
20,70,25.25,3,97
20,70,25.25,3,97
19,75,25.25,3,97
19,75,25.25,3,97
19,75,25.25,3,97
19,75,25.25,4,96
19,75,25.25,4,96
18,85,25.25,4,96
18,85,25.25,4,96
18,83,25.25,4,96
18,83,25.25,4,96
18,83,25.25,4,96
18,83,25.25,4,96
18,83,25.25,4,96
18,83,25.25,4,96
18,81,25.25,5,95
18,81,25.25,5,95
18,87,25.25,5,95
18,87,25.25,5,95
18,85,25.25,5,95
18,85,25.25,5,95
18,85,25.25,5,95
18,85,25.25,5,95
18,84,25.25,5,95
18,84,25.25,5,95
18,84,25.18,6,94
18,84,25.18,6,94
18,90,25.18,6,94
18,90,25.18,6,94
18,87,25.18,6,94
18,87,25.18,6,94
18,86,25.18,6,94
18,86,25.18,6,94
18,86,25.18,6,94
18,86,25.18,6,94
18,86,25.18,7,93
18,86,25.18,7,93
18,92,25.18,7,93
18,92,25.18,7,93
18,90,25.18,7,93
18,90,25.18,7,93
18,87,25.18,7,93
18,87,25.18,7,93
18,87,25.18,7,93
18,87,25.18,7,93
18,87,25.12,8,92
18,87,25.12,8,92
18,92,25.12,8,92
18,92,25.12,8,92
18,90,25.12,8,92
18,90,25.12,8,92
18,90,25.12,8,92
18,90,25.12,8,92
18,90,25.12,8,92
18,90,25.12,8,92
18,90,25.12,9,91
18,90,25.12,9,91
18,92,25.12,9,91
18,92,25.12,9,91
18,92,25.12,9,91
18,92,25.12,9,91
18,90,25.12,9,91
18,90,25.12,9,91
18,90,25.12,9,91
18,90,25.12,9,91
18,90,25.12,10,90
18,90,25.12,10,90
17,93,25.12,10,90
17,93,25.12,10,90
17,92,25.12,10,90
17,92,25.12,10,90
17,92,25.12,10,90
17,92,25.12,10,90
18,90,25.12,10,90
18,90,25.12,10,90
18,90,25.12,11,89
18,90,25.12,11,89
17,93,25.12,11,89
17,93,25.12,11,89
17,92,25.12,11,89
17,92,25.12,11,89
17,92,25.12,11,89
17,92,25.12,11,89
17,92,25.12,11,89
17,92,25.12,11,89
17,92,25.12,12,88
17,92,25.12,12,88
17,93,25.12,12,88
17,93,25.12,12,88
17,92,25.12,12,88
17,92,25.12,12,88
17,92,25.12,12,88
17,92,25.12,12,88
17,92,25.12,12,88
17,92,25.12,12,88
17,92,25.18,13,87
17,92,25.18,13,87
17,93,25.18,13,87
17,93,25.18,13,87
17,92,25.18,13,87
17,92,25.18,13,87
17,92,25.18,13,87
17,92,25.18,13,87
17,92,25.18,13,87
17,92,25.18,13,87
17,92,25.18,14,86
17,92,25.18,14,86
16,94,25.18,14,86
16,94,25.18,14,86
16,93,25.18,14,86
16,93,25.18,14,86
16,93,25.18,14,86
16,93,25.18,14,86
16,93,25.18,14,86
16,93,25.18,14,86
16,93,25.18,15,85
16,93,25.18,15,85
16,94,25.18,15,85
16,94,25.18,15,85
16,93,25.18,15,85
16,93,25.18,15,85
16,93,25.18,15,85
16,93,25.18,15,85
16,93,25.18,15,85
16,93,25.18,15,85
16,93,25.25,16,84
16,93,25.25,16,84
16,94,25.25,16,84
16,94,25.25,16,84
16,94,25.25,16,84
16,94,25.25,16,84
16,93,25.25,16,84
16,93,25.25,16,84
16,93,25.25,16,84
16,93,25.25,16,84
16,93,25.25,17,83
16,93,25.25,17,83
15,94,25.25,17,83
15,94,25.25,17,83
15,94,25.25,17,83
15,94,25.25,17,83
15,94,25.25,17,83
15,94,25.25,17,83
15,94,25.25,17,83
15,94,25.25,17,83
16,93,25.25,18,82
16,93,25.25,18,82
16,93,25.25,18,82
16,93,25.25,18,82
16,93,25.25,18,82
16,93,25.25,18,82
16,93,25.25,18,82
16,93,25.25,18,82
16,93,25.25,18,82
16,93,25.25,18,82
16,93,25.25,19,81
16,93,25.25,19,81
16,93,25.25,19,81
16,93,25.25,19,81
16,93,25.25,19,81
16,93,25.25,19,81
16,93,25.25,19,81
15,93,25.25,19,81
15,93,25.25,19,81
15,93,25.25,19,81
16,93,25.25,20,80
16,93,25.25,20,80
16,93,25.25,20,80
16,93,25.25,20,80
16,93,25.25,20,80
16,93,25.25,20,80
16,93,25.25,20,80
16,93,25.25,20,80
16,93,25.25,20,80
16,93,25.25,20,80
16,94,25.31,21,79
16,94,25.31,21,79
16,94,25.31,21,79
16,94,25.31,21,79
16,94,25.31,21,79
16,94,25.31,21,79
16,94,25.31,21,79
15,94,25.31,21,79
15,94,25.31,21,79
15,94,25.31,21,79
15,94,25.25,22,78
15,94,25.25,22,78
15,94,25.25,22,78
15,94,25.25,22,78
15,94,25.25,22,78
14,95,25.25,22,78
14,95,25.25,22,78
14,95,25.25,22,78
14,95,25.25,22,78
14,95,25.25,22,78
15,94,25.31,23,77
15,94,25.31,23,77
15,94,25.31,23,77
15,94,25.31,23,77
15,94,25.31,23,77
13,95,25.31,23,77
13,95,25.31,23,77
13,95,25.31,23,77
13,95,25.31,23,77
13,95,25.31,23,77
13,95,25.31,24,76
13,95,25.31,24,76
13,95,25.31,24,76
13,95,25.31,24,76
13,95,25.31,24,76
13,95,25.31,24,76
13,95,25.31,24,76
13,95,25.31,24,76
13,95,25.31,24,76
13,95,25.31,24,76
14,95,25.31,25,75
14,95,25.31,25,75
14,95,25.31,25,75
14,95,25.31,25,75
14,95,25.31,25,75
11,95,25.31,25,75
11,95,25.31,25,75
11,95,25.31,25,75
11,95,25.31,25,75
11,95,25.31,25,75
11,95,25.31,26,74
11,95,25.31,26,74
11,95,25.31,26,74
11,95,25.31,26,74
11,95,25.31,26,74
11,95,25.31,26,74
11,95,25.31,26,74
11,95,25.31,26,74
11,95,25.31,26,74
11,95,25.31,26,74
11,95,25.31,27,73
11,95,25.31,27,73
11,95,25.31,27,73
10,95,25.31,27,73
10,95,25.31,27,73
10,95,25.31,27,73
10,95,25.31,27,73
10,95,25.31,27,73
10,95,25.31,27,73
10,95,25.31,27,73
11,95,25.31,28,72
11,95,25.31,28,72
11,95,25.31,28,72
9,95,25.31,28,72
9,95,25.31,28,72
9,95,25.31,28,72
9,95,25.31,28,72
9,95,25.31,28,72
9,95,25.31,28,72
9,95,25.31,28,72
10,95,25.31,29,71
10,95,25.31,29,71
10,95,25.31,29,71
9,95,25.31,29,71
9,95,25.31,29,71
9,95,25.31,29,71
9,95,25.31,29,71
9,95,25.31,29,71
9,95,25.31,29,71
9,95,25.31,29,71
10,95,25.31,30,70
10,95,25.31,30,70
10,95,25.31,30,70
10,95,25.31,30,70
10,95,25.31,30,70
11,95,25.31,30,70
11,95,25.31,30,70
11,95,25.31,30,70
11,95,25.31,30,70
11,95,25.31,30,70
12,95,25.31,31,69
12,95,25.31,31,69
12,95,25.31,31,69
10,95,25.31,31,69
10,95,25.31,31,69
10,95,25.31,31,69
11,95,25.31,31,69
11,95,25.31,31,69
11,95,25.31,31,69
10,95,25.31,31,69
11,95,25.37,32,68
11,95,25.37,32,68
11,95,25.37,32,68
9,95,25.37,32,68
9,95,25.37,32,68
9,95,25.37,32,68
9,95,25.37,32,68
9,95,25.37,32,68
9,95,25.37,32,68
10,95,25.37,32,68
10,95,25.37,33,67
10,95,25.37,33,67
10,95,25.37,33,67
9,95,25.37,33,67
9,95,25.37,33,67
9,95,25.37,33,67
9,95,25.37,33,67
9,95,25.37,33,67
9,95,25.37,33,67
9,95,25.37,33,67
10,95,25.43,34,66
10,95,25.43,34,66
10,95,25.43,34,66
8,95,25.43,34,66
8,95,25.43,34,66
8,95,25.43,34,66
9,95,25.43,34,66
9,95,25.43,34,66
9,95,25.43,34,66
8,95,25.43,34,66
10,95,25.43,35,65
10,95,25.43,35,65
10,95,25.43,35,65
9,95,25.43,35,65
9,95,25.43,35,65
9,95,25.43,35,65
9,95,25.43,35,65
9,95,25.43,35,65
9,95,25.43,35,65
10,95,25.43,35,65
10,95,25.43,36,64
10,95,25.43,36,64
10,95,25.43,36,64
10,95,25.43,36,64
10,95,25.43,36,64
13,95,25.43,36,64
13,95,25.43,36,64
13,95,25.43,36,64
13,95,25.43,36,64
13,95,25.43,36,64
13,95,25.5,37,63
13,95,25.5,37,63
16,94,25.5,37,63
16,94,25.5,37,63
17,93,25.5,37,63
17,93,25.5,37,63
17,93,25.5,37,63
17,93,25.5,37,63
16,94,25.5,37,63
16,94,25.5,37,63
17,93,25.5,38,62
17,93,25.5,38,62
18,93,25.5,38,62
18,93,25.5,38,62
18,93,25.5,38,62
18,93,25.5,38,62
18,93,25.5,38,62
18,93,25.5,38,62
18,93,25.5,38,62
18,93,25.5,38,62
18,93,25.5,39,61
18,93,25.5,39,61
18,93,25.5,39,61
18,93,25.5,39,61
18,93,25.5,39,61
18,93,25.5,39,61
18,93,25.5,39,61
18,93,25.5,39,61
18,93,25.5,39,61
18,93,25.5,39,61
18,93,25.43,40,60
18,93,25.43,40,60
18,93,25.43,40,60
18,93,25.43,40,60
18,93,25.43,40,60
18,93,25.43,40,60
18,93,25.43,40,60
18,93,25.43,40,60
18,93,25.43,40,60
18,93,25.43,40,60
18,93,24.62,41,59
18,93,24.62,41,59
17,93,24.62,41,59
17,93,24.62,41,59
17,93,24.62,41,59
17,93,24.62,41,59
17,93,24.62,41,59
17,93,24.62,41,59
17,93,24.62,41,59
17,93,24.62,41,59
17,93,24.12,42,58
17,93,24.12,42,58
17,93,24.12,42,58
17,93,24.12,42,58
17,93,24.12,42,58
17,93,24.12,42,58
17,93,24.12,42,58
17,93,24.12,42,58
17,93,24.12,42,58
17,93,24.12,42,58
17,93,23.87,43,57
17,93,23.87,43,57
16,94,23.87,43,57
16,94,23.87,43,57
16,94,23.87,43,57
16,94,23.87,43,57
17,93,23.87,43,57
17,93,23.87,43,57
16,94,23.87,43,57
16,94,23.87,43,57
16,94,23.93,44,56
16,94,23.93,44,56
16,94,23.93,44,56
16,94,23.93,44,56
16,94,23.93,44,56
16,94,23.93,44,56
16,94,23.93,44,56
16,94,23.93,44,56
16,94,23.93,44,56
16,94,23.93,44,56
16,94,23.93,45,55
16,94,23.93,45,55
16,94,23.93,45,55
16,94,23.93,45,55
16,94,23.93,45,55
16,94,23.93,45,55
16,94,23.93,45,55
16,94,23.93,45,55
16,94,23.93,45,55
16,94,23.93,45,55
16,94,24,46,54
16,94,24,46,54
16,94,24,46,54
16,94,24,46,54
16,94,24,46,54
16,94,24,46,54
16,94,24,46,54
16,94,24,46,54
16,93,24,46,54
16,93,24,46,54
16,93,23.87,47,53
16,93,23.87,47,53
16,94,23.87,47,53
16,94,23.87,47,53
16,94,23.87,47,53
16,94,23.87,47,53
16,94,23.87,47,53
16,94,23.87,47,53
16,94,23.87,47,53
16,94,23.87,47,53
16,94,23.81,48,52
16,94,23.81,48,52
16,94,23.81,48,52
16,94,23.81,48,52
16,94,23.81,48,52
16,94,23.81,48,52
16,94,23.81,48,52
16,94,23.81,48,52
16,94,23.81,48,52
16,94,23.81,48,52
16,94,23.81,49,51
16,94,23.81,49,51
16,94,23.81,49,51
16,94,23.81,49,51
16,94,23.81,49,51
16,94,23.81,49,51
16,94,23.81,49,51
16,94,23.81,49,51
16,94,23.81,49,51
16,94,23.81,49,51
16,94,23.81,50,50
16,94,23.81,50,50
16,94,23.81,50,50
16,94,23.81,50,50
16,94,23.81,50,50
16,94,23.81,50,50
16,94,23.81,50,50
16,94,23.81,50,50
16,94,23.81,50,50
16,94,23.81,50,50
16,94,23.81,51,49
16,94,23.81,51,49
16,94,23.81,51,49
16,94,23.81,51,49
16,94,23.81,51,49
16,94,23.81,51,49
16,94,23.81,51,49
16,94,23.81,51,49
16,94,23.81,51,49
16,94,23.81,51,49
16,94,23.56,52,48
16,94,23.56,52,48
16,94,23.56,52,48
16,94,23.56,52,48
16,94,23.56,52,48
16,94,23.56,52,48
16,94,23.56,52,48
16,94,23.56,52,48
16,94,23.56,52,48
16,94,23.56,52,48
16,94,23.5,53,47
16,94,23.5,53,47
16,94,23.5,53,47
16,94,23.5,53,47
16,94,23.5,53,47
16,94,23.5,53,47
16,94,23.5,53,47
16,94,23.5,53,47
16,94,23.5,53,47
16,94,23.5,53,47
16,94,23.37,54,46
16,94,23.37,54,46
16,94,23.37,54,46
16,94,23.37,54,46
16,94,23.37,54,46
16,94,23.37,54,46
16,94,23.37,54,46
16,94,23.37,54,46
16,94,23.37,54,46
16,94,23.37,54,46
16,94,23.31,55,45
16,94,23.31,55,45
16,94,23.31,55,45
16,94,23.31,55,45
16,94,23.31,55,45
16,94,23.31,55,45
16,94,23.31,55,45
16,94,23.31,55,45
16,94,23.31,55,45
16,94,23.31,55,45
16,94,23.37,56,44
16,94,23.37,56,44
16,94,23.37,56,44
16,94,23.37,56,44
16,94,23.37,56,44
16,94,23.37,56,44
16,93,23.37,56,44
16,93,23.37,56,44
16,93,23.37,56,44
16,93,23.37,56,44
16,93,23.37,57,43
16,93,23.37,57,43
16,94,23.37,57,43
16,94,23.37,57,43
16,94,23.37,57,43
16,94,23.37,57,43
16,93,23.37,57,43
16,93,23.37,57,43
16,93,23.37,57,43
16,93,23.37,57,43
16,93,23.56,58,42
16,93,23.56,58,42
16,94,23.56,58,42
16,94,23.56,58,42
16,94,23.56,58,42
16,94,23.56,58,42
16,94,23.56,58,42
16,94,23.56,58,42
16,93,23.56,58,42
16,93,23.56,58,42
16,93,23.75,59,41
16,93,23.75,59,41
16,94,23.75,59,41
16,94,23.75,59,41
16,93,23.75,59,41
16,93,23.75,59,41
16,93,23.75,59,41
16,93,23.75,59,41
16,93,23.75,59,41
16,93,23.75,59,41
16,93,23.43,60,40
16,93,23.43,60,40
16,93,23.43,60,40
16,93,23.43,60,40
16,93,23.43,60,40
16,93,23.43,60,40
16,93,23.43,60,40
16,93,23.43,60,40
16,93,23.43,60,40
16,93,23.43,60,40
16,93,23.18,61,39
16,93,23.18,61,39
16,93,23.18,61,39
16,93,23.18,61,39
16,93,23.18,61,39
16,93,23.18,61,39
16,93,23.18,61,39
16,93,23.18,61,39
16,93,23.18,61,39
16,93,23.18,61,39
16,91,23.18,62,38
16,91,23.18,62,38
16,93,23.18,62,38
16,93,23.18,62,38
16,91,23.18,62,38
16,91,23.18,62,38
16,91,23.18,62,38
16,91,23.18,62,38
16,91,23.18,62,38
16,91,23.18,62,38
16,91,23.25,63,37
16,91,23.25,63,37
16,91,23.25,63,37
16,91,23.25,63,37
16,90,23.25,63,37
16,90,23.25,63,37
16,88,23.25,63,37
16,88,23.25,63,37
16,88,23.25,63,37
16,88,23.25,63,37
16,88,22.93,64,36
16,88,22.93,64,36
16,88,22.93,64,36
16,88,22.93,64,36
16,88,22.93,64,36
16,88,22.93,64,36
16,88,22.93,64,36
16,88,22.93,64,36
16,88,22.93,64,36
16,88,22.93,64,36
17,85,22.93,65,35
17,85,22.93,65,35
17,86,22.93,65,35
17,86,22.93,65,35
17,86,22.93,65,35
17,86,22.93,65,35
17,86,22.93,65,35
17,86,22.93,65,35
17,86,22.93,65,35
18,83,22.93,65,35
18,84,23,66,34
18,84,23,66,34
18,84,23,66,34
18,84,23,66,34
18,84,23,66,34
18,84,23,66,34
18,84,23,66,34
18,79,23,66,34
18,79,23,66,34
18,79,23,66,34
18,79,23.18,67,33
18,79,23.18,67,33
18,79,23.18,67,33
18,79,23.18,67,33
18,79,23.18,67,33
18,72,23.18,67,33
18,72,23.18,67,33
18,72,23.18,67,33
18,71,23.18,67,33
18,71,23.18,67,33
18,71,23,68,32
18,71,23,68,32
18,71,23,68,32
18,71,23,68,32
18,71,23,68,32
18,71,23,68,32
18,71,23,68,32
18,71,23,68,32
18,71,23,68,32
18,71,23,68,32
19,53,22.93,69,31
19,53,22.93,69,31
19,53,22.93,69,31
19,53,22.93,69,31
19,55,22.93,69,31
19,55,22.93,69,31
19,55,22.93,69,31
19,55,22.93,69,31
19,55,22.93,69,31
20,49,22.93,69,31
20,47,22.93,70,30
20,47,22.93,70,30
20,47,22.93,70,30
20,47,22.93,70,30
20,47,22.93,70,30
20,47,22.93,70,30
20,47,22.93,70,30
20,47,22.93,70,30
20,47,22.93,70,30
20,47,22.93,70,30
21,45,23.12,71,29
21,45,23.12,71,29
21,45,23.12,71,29
21,45,23.12,71,29
21,45,23.12,71,29
20,48,23.12,71,29
20,48,23.12,71,29
20,48,23.12,71,29
20,48,23.12,71,29
20,48,23.12,71,29
21,45,23,72,28
21,45,23,72,28
21,45,23,72,28
21,45,23,72,28
21,45,23,72,28
20,47,23,72,28
20,47,23,72,28
20,47,23,72,28
20,47,23,72,28
20,47,23,72,28
21,43,22.87,73,27
21,43,22.87,73,27
21,43,22.87,73,27
21,43,22.87,73,27
21,43,22.87,73,27
20,47,22.87,73,27
20,47,22.87,73,27
20,47,22.87,73,27
20,47,22.87,73,27
20,47,22.87,73,27
21,44,22.87,74,26
21,44,22.87,74,26
21,44,22.87,74,26
21,44,22.87,74,26
21,44,22.87,74,26
21,46,22.87,74,26
21,46,22.87,74,26
21,46,22.87,74,26
21,46,22.87,74,26
21,46,22.87,74,26
21,43,23.12,75,25
21,43,23.12,75,25
21,43,23.12,75,25
21,43,23.12,75,25
21,43,23.12,75,25
21,43,23.12,75,25
21,43,23.12,75,25
21,43,23.12,75,25
21,43,23.12,75,25
21,43,23.12,75,25
21,40,22.87,76,24
21,40,22.87,76,24
21,40,22.87,76,24
21,40,22.87,76,24
21,40,22.87,76,24
21,40,22.87,76,24
21,45,22.87,76,24
21,45,22.87,76,24
21,45,22.87,76,24
21,45,22.87,76,24
21,40,22.93,77,23
21,40,22.93,77,23
21,40,22.93,77,23
21,40,22.93,77,23
21,40,22.93,77,23
21,40,22.93,77,23
21,40,22.93,77,23
21,40,22.93,77,23
21,40,22.93,77,23
21,40,22.93,77,23
21,38,23,78,22
21,38,23,78,22
21,38,23,78,22
21,38,23,78,22
21,38,23,78,22
21,38,23,78,22
21,44,23,78,22
21,44,23,78,22
21,44,23,78,22
21,44,23,78,22
21,38,23.12,79,21
21,38,23.12,79,21
21,38,23.12,79,21
21,38,23.12,79,21
21,38,23.12,79,21
21,38,23.12,79,21
21,40,23.12,79,21
21,40,23.12,79,21
21,40,23.12,79,21
21,40,23.12,79,21
21,32,22.93,80,20
21,32,22.93,80,20
21,32,22.93,80,20
21,32,22.93,80,20
21,32,22.93,80,20
21,32,22.93,80,20
21,40,22.93,80,20
21,40,22.93,80,20
21,40,22.93,80,20
21,40,22.93,80,20
21,31,22.87,81,19
21,31,22.87,81,19
21,31,22.87,81,19
21,31,22.87,81,19
21,31,22.87,81,19
21,31,22.87,81,19
22,44,22.87,81,19
22,44,22.87,81,19
22,44,22.87,81,19
22,44,22.87,81,19
22,38,23.37,82,18
22,38,23.37,82,18
22,38,23.37,82,18
22,38,23.37,82,18
22,38,23.37,82,18
22,38,23.37,82,18
22,42,23.37,82,18
22,42,23.37,82,18
22,42,23.37,82,18
22,42,23.37,82,18
22,34,23.5,83,17
22,34,23.5,83,17
22,34,23.5,83,17
22,34,23.5,83,17
22,34,23.5,83,17
22,34,23.5,83,17
22,40,23.5,83,17
22,40,23.5,83,17
22,40,23.5,83,17
22,40,23.5,83,17
22,32,23.43,84,16
22,32,23.43,84,16
22,32,23.43,84,16
22,32,23.43,84,16
22,32,23.43,84,16
22,32,23.43,84,16
22,44,23.43,84,16
22,44,23.43,84,16
22,44,23.43,84,16
22,44,23.43,84,16
22,37,23.43,85,15
22,37,23.43,85,15
22,37,23.43,85,15
22,37,23.43,85,15
22,37,23.43,85,15
22,37,23.43,85,15
22,44,23.43,85,15
22,44,23.43,85,15
22,44,23.43,85,15
22,44,23.43,85,15
22,38,23.68,86,14
22,38,23.68,86,14
22,38,23.68,86,14
22,38,23.68,86,14
22,38,23.68,86,14
22,38,23.68,86,14
22,38,23.68,86,14
22,38,23.68,86,14
22,38,23.68,86,14
22,38,23.68,86,14
22,38,23.75,87,13
22,38,23.75,87,13
22,38,23.75,87,13
22,38,23.75,87,13
22,38,23.75,87,13
22,38,23.75,87,13
22,44,23.75,87,13
22,44,23.75,87,13
22,44,23.75,87,13
22,44,23.75,87,13
22,38,23.56,88,12
22,38,23.56,88,12
22,38,23.56,88,12
22,38,23.56,88,12
22,38,23.56,88,12
22,38,23.56,88,12
22,42,23.56,88,12
22,42,23.56,88,12
22,42,23.56,88,12
22,42,23.56,88,12
22,34,23.56,89,11
22,34,23.56,89,11
22,34,23.56,89,11
22,34,23.56,89,11
22,34,23.56,89,11
22,34,23.56,89,11
22,43,23.56,89,11
22,43,23.56,89,11
22,43,23.56,89,11
22,43,23.56,89,11
22,36,23.81,90,10
22,36,23.81,90,10
22,36,23.81,90,10
22,36,23.81,90,10
22,36,23.81,90,10
22,36,23.81,90,10
22,40,23.81,90,10
22,40,23.81,90,10
22,40,23.81,90,10
22,40,23.81,90,10
23,30,23.75,91,9
23,30,23.75,91,9
23,30,23.75,91,9
23,30,23.75,91,9
23,30,23.75,91,9
23,30,23.75,91,9
22,38,23.75,91,9
22,38,23.75,91,9
22,38,23.75,91,9
22,38,23.75,91,9
22,24,23.62,92,8
22,24,23.62,92,8
22,24,23.62,92,8
22,24,23.62,92,8
22,24,23.62,92,8
22,24,23.62,92,8
22,39,23.62,92,8
22,39,23.62,92,8
22,39,23.62,92,8
22,39,23.62,92,8
23,30,23.87,93,7
23,30,23.87,93,7
23,30,23.87,93,7
23,30,23.87,93,7
23,30,23.87,93,7
23,30,23.87,93,7
22,39,23.87,93,7
22,39,23.87,93,7
22,39,23.87,93,7
22,39,23.87,93,7
23,25,23.75,94,6
23,25,23.75,94,6
23,25,23.75,94,6
23,25,23.75,94,6
23,25,23.75,94,6
23,25,23.75,94,6
23,25,23.75,94,6
23,25,23.75,94,6
23,25,23.75,94,6
23,25,23.75,94,6
23,19,23.68,95,5
23,19,23.68,95,5
23,19,23.68,95,5
23,19,23.68,95,5
23,19,23.68,95,5
23,19,23.68,95,5
23,19,23.68,95,5
23,19,23.68,95,5
23,19,23.68,95,5
23,19,23.68,95,5
23,19,23.75,96,4
23,19,23.75,96,4
23,19,23.75,96,4
23,19,23.75,96,4
23,19,23.75,96,4
23,19,23.75,96,4
23,19,23.75,96,4
23,22,23.75,96,4
23,22,23.75,96,4
23,22,23.75,96,4
23,19,23.81,97,3
23,19,23.81,97,3
23,19,23.81,97,3
23,19,23.81,97,3
23,19,23.81,97,3
23,19,23.81,97,3
23,19,23.81,97,3
23,19,23.81,97,3
23,19,23.81,97,3
23,19,23.81,97,3
23,19,23.68,98,2
23,19,23.68,98,2
23,19,23.68,98,2
23,19,23.68,98,2
23,19,23.68,98,2
23,19,23.68,98,2
23,41,23.68,98,2
23,41,23.68,98,2
23,41,23.68,98,2
23,41,23.68,98,2
23,33,24,99,1
23,33,24,99,1
23,33,24,99,1
23,33,24,99,1
23,33,24,99,1
23,33,24,99,1
23,33,24,99,1
23,21,24,99,1
23,21,24,99,1
23,21,24,99,1
23,19,23.87,100,0
23,19,23.87,100,0
23,19,23.87,100,0
23,19,23.87,100,0
23,19,23.87,100,0
23,19,23.87,100,0
23,19,23.87,100,0
23,19,23.87,100,0
23,19,23.87,100,0
23,19,23.87,100,0
20,64,23.56,1,61
20,64,23.56,1,61
20,64,23.56,1,61
20,64,23.56,1,61
20,64,23.56,1,61
20,64,23.56,1,61
20,64,23.56,1,61
21,62,24.62,2,60
21,62,24.62,2,60
21,62,24.62,2,60
21,62,24.62,2,60
21,62,24.62,2,60
19,71,24.62,2,60
19,71,24.62,2,60
19,71,24.62,2,60
19,71,24.62,2,60
19,71,24.62,2,60
18,72,24.56,3,59
18,72,24.56,3,59
18,72,24.56,3,59
18,72,24.56,3,59
18,72,24.56,3,59
18,76,24.56,3,59
18,76,24.56,3,59
18,76,24.56,3,59
18,76,24.56,3,59
18,76,24.56,3,59
18,75,24.5,4,58
18,75,24.5,4,58
18,75,24.5,4,58
18,75,24.5,4,58
18,75,24.5,4,58
18,75,24.5,4,58
18,75,24.5,4,58
18,78,24.5,4,58
18,78,24.5,4,58
18,78,24.5,4,58
18,78,24.5,5,57
18,78,24.5,5,57
18,84,24.5,5,57
18,84,24.5,5,57
18,84,24.5,5,57
18,84,24.5,5,57
18,84,24.5,5,57
18,84,24.5,5,57
18,84,24.5,5,57
19,80,24.5,5,57
18,81,24.43,6,56
18,81,24.43,6,56
18,85,24.43,6,56
18,85,24.43,6,56
18,84,24.43,6,56
18,84,24.43,6,56
18,83,24.43,6,56
18,83,24.43,6,56
18,82,24.43,6,56
18,82,24.43,6,56
18,82,24.56,7,55
18,82,24.56,7,55
18,86,24.56,7,55
18,86,24.56,7,55
18,85,24.56,7,55
18,85,24.56,7,55
18,84,24.56,7,55
18,84,24.56,7,55
18,84,24.56,7,55
18,84,24.56,7,55
18,83,24.5,8,54
18,83,24.5,8,54
18,87,24.5,8,54
18,87,24.5,8,54
18,85,24.5,8,54
18,85,24.5,8,54
18,85,24.5,8,54
18,85,24.5,8,54
18,85,24.5,8,54
18,85,24.5,8,54
18,84,24.5,9,53
18,84,24.5,9,53
18,87,24.5,9,53
18,87,24.5,9,53
18,86,24.5,9,53
18,86,24.5,9,53
18,85,24.5,9,53
18,85,24.5,9,53
18,85,24.5,9,53
18,85,24.5,9,53
18,85,24.62,10,52
18,85,24.62,10,52
18,87,24.62,10,52
18,87,24.62,10,52
18,86,24.62,10,52
18,86,24.62,10,52
18,85,24.62,10,52
18,85,24.62,10,52
18,85,24.62,10,52
18,85,24.62,10,52
18,84,24.56,11,51
18,84,24.56,11,51
18,87,24.56,11,51
18,87,24.56,11,51
18,86,24.56,11,51
18,86,24.56,11,51
18,85,24.56,11,51
18,85,24.56,11,51
18,85,24.56,11,51
18,85,24.56,11,51
18,85,24.75,12,50
18,85,24.75,12,50
18,87,24.75,12,50
18,87,24.75,12,50
18,86,24.75,12,50
18,86,24.75,12,50
18,85,24.75,12,50
18,85,24.75,12,50
18,85,24.75,12,50
18,85,24.75,12,50
18,85,24.75,13,49
18,85,24.75,13,49
18,87,24.75,13,49
18,87,24.75,13,49
18,86,24.75,13,49
18,86,24.75,13,49
18,86,24.75,13,49
18,86,24.75,13,49
18,85,24.75,13,49
18,85,24.75,13,49
18,85,24.81,14,48
18,85,24.81,14,48
18,90,24.81,14,48
18,90,24.81,14,48
18,87,24.81,14,48
18,87,24.81,14,48
18,86,24.81,14,48
18,86,24.81,14,48
18,86,24.81,14,48
18,86,24.81,14,48
18,86,24.75,15,47
18,86,24.75,15,47
18,90,24.75,15,47
18,90,24.75,15,47
18,87,24.75,15,47
18,87,24.75,15,47
18,87,24.75,15,47
18,87,24.75,15,47
18,87,24.75,15,47
18,87,24.75,15,47
18,86,24.68,16,46
18,86,24.68,16,46
18,90,24.68,16,46
18,90,24.68,16,46
18,87,24.68,16,46
18,87,24.68,16,46
18,87,24.68,16,46
18,87,24.68,16,46
18,87,24.68,16,46
18,87,24.68,16,46
18,87,24.68,17,45
18,87,24.68,17,45
18,92,24.68,17,45
18,92,24.68,17,45
18,90,24.68,17,45
18,90,24.68,17,45
19,86,24.68,17,45
19,86,24.68,17,45
19,86,24.68,17,45
19,86,24.68,17,45
19,86,24.75,18,44
19,86,24.75,18,44
18,90,24.75,18,44
18,90,24.75,18,44
18,87,24.75,18,44
18,87,24.75,18,44
18,87,24.75,18,44
18,87,24.75,18,44
18,86,24.75,18,44
18,86,24.75,18,44
18,86,24.68,19,43
18,86,24.68,19,43
18,87,24.68,19,43
18,87,24.68,19,43
18,86,24.68,19,43
18,86,24.68,19,43
18,85,24.68,19,43
18,85,24.68,19,43
18,85,24.68,19,43
18,85,24.68,19,43
18,85,24.56,20,42
18,85,24.56,20,42
18,87,24.56,20,42
18,87,24.56,20,42
18,85,24.56,20,42
18,85,24.56,20,42
18,85,24.56,20,42
18,85,24.56,20,42
18,85,24.56,20,42
18,85,24.56,20,42
18,84,24.5,21,41
18,84,24.5,21,41
18,86,24.5,21,41
18,86,24.5,21,41
18,85,24.5,21,41
18,85,24.5,21,41
18,84,24.5,21,41
18,84,24.5,21,41
18,84,24.5,21,41
18,84,24.5,21,41
18,84,24.43,22,40
18,84,24.43,22,40
18,86,24.43,22,40
18,86,24.43,22,40
18,85,24.43,22,40
18,85,24.43,22,40
18,84,24.43,22,40
18,84,24.43,22,40
18,84,24.43,22,40
18,84,24.43,22,40
18,84,24.43,23,39
18,84,24.43,23,39
18,86,24.43,23,39
18,86,24.43,23,39
18,85,24.43,23,39
18,85,24.43,23,39
18,84,24.43,23,39
18,84,24.43,23,39
18,84,24.43,23,39
18,84,24.43,23,39
18,83,24.43,24,38
18,83,24.43,24,38
18,86,24.43,24,38
18,86,24.43,24,38
18,84,24.43,24,38
18,84,24.43,24,38
18,84,24.43,24,38
18,84,24.43,24,38
18,83,24.43,24,38
18,83,24.43,24,38
18,83,24.5,25,37
18,83,24.5,25,37
18,85,24.5,25,37
18,85,24.5,25,37
18,84,24.5,25,37
18,84,24.5,25,37
18,83,24.5,25,37
18,83,24.5,25,37
18,83,24.5,25,37
18,83,24.5,25,37
18,82,24.56,26,36
18,82,24.56,26,36
18,85,24.56,26,36
18,85,24.56,26,36
18,84,24.56,26,36
18,84,24.56,26,36
18,83,24.56,26,36
18,83,24.56,26,36
18,82,24.56,26,36
18,82,24.56,26,36
18,82,24.62,27,35
18,82,24.62,27,35
18,85,24.62,27,35
18,85,24.62,27,35
18,83,24.62,27,35
18,83,24.62,27,35
18,82,24.62,27,35
18,82,24.62,27,35
18,82,24.62,27,35
18,82,24.62,27,35
18,81,24.56,28,34
18,81,24.56,28,34
18,84,24.56,28,34
18,84,24.56,28,34
18,82,24.56,28,34
18,82,24.56,28,34
18,82,24.56,28,34
18,82,24.56,28,34
18,82,24.56,28,34
18,82,24.56,28,34
19,80,24.56,29,33
19,80,24.56,29,33
18,84,24.56,29,33
18,84,24.56,29,33
18,82,24.56,29,33
18,82,24.56,29,33
18,82,24.56,29,33
18,82,24.56,29,33
18,82,24.56,29,33
18,82,24.56,29,33
19,77,24.62,30,32
19,77,24.62,30,32
18,82,24.62,30,32
18,82,24.62,30,32
18,82,24.62,30,32
18,82,24.62,30,32
18,82,24.62,30,32
18,82,24.62,30,32
18,82,24.62,30,32
19,76,24.62,30,32
19,76,24.68,31,31
19,76,24.68,31,31
19,76,24.68,31,31
19,76,24.68,31,31
19,76,24.68,31,31
19,76,24.68,31,31
19,76,24.68,31,31
19,74,24.68,31,31
19,74,24.68,31,31
19,74,24.68,31,31
19,74,24.56,32,30
19,74,24.56,32,30
19,74,24.56,32,30
19,74,24.56,32,30
19,74,24.56,32,30
20,72,24.56,32,30
20,72,24.56,32,30
20,72,24.56,32,30
20,72,24.56,32,30
20,72,24.56,32,30
20,71,24.56,33,29
20,71,24.56,33,29
20,71,24.56,33,29
20,69,24.56,33,29
20,69,24.56,33,29
20,69,24.56,33,29
20,67,24.56,33,29
20,67,24.56,33,29
20,67,24.56,33,29
20,66,24.56,33,29
20,66,24.56,34,28
20,66,24.56,34,28
20,66,24.56,34,28
20,64,24.56,34,28
20,64,24.56,34,28
20,64,24.56,34,28
20,64,24.56,34,28
21,61,24.56,34,28
21,61,24.56,34,28
21,61,24.56,34,28
20,60,24.62,35,27
20,60,24.62,35,27
20,60,24.62,35,27
20,60,24.62,35,27
21,57,24.62,35,27
21,57,24.62,35,27
21,57,24.62,35,27
21,57,24.62,35,27
21,57,24.62,35,27
21,57,24.62,35,27
21,49,24.56,36,26
21,49,24.56,36,26
21,49,24.56,36,26
21,49,24.56,36,26
21,49,24.56,36,26
21,49,24.56,36,26
21,49,24.56,36,26
21,49,24.56,36,26
21,49,24.56,36,26
21,49,24.56,36,26
21,45,24.56,37,25
21,45,24.56,37,25
21,45,24.56,37,25
21,45,24.56,37,25
21,45,24.56,37,25
22,49,24.56,37,25
22,49,24.56,37,25
22,49,24.56,37,25
22,49,24.56,37,25
22,49,24.56,37,25
21,46,24.56,38,24
21,46,24.56,38,24
21,46,24.56,38,24
21,46,24.56,38,24
21,46,24.56,38,24
22,48,24.56,38,24
22,48,24.56,38,24
22,48,24.56,38,24
22,48,24.56,38,24
22,48,24.56,38,24
21,45,24.5,39,23
21,45,24.5,39,23
21,45,24.5,39,23
21,45,24.5,39,23
21,45,24.5,39,23
22,47,24.5,39,23
22,47,24.5,39,23
22,47,24.5,39,23
22,47,24.5,39,23
22,47,24.5,39,23
22,45,24.5,40,22
22,45,24.5,40,22
22,45,24.5,40,22
22,45,24.5,40,22
22,45,24.5,40,22
21,46,24.5,40,22
21,46,24.5,40,22
21,46,24.5,40,22
21,46,24.5,40,22
21,46,24.5,40,22
22,44,24.5,41,21
22,44,24.5,41,21
22,44,24.5,41,21
22,44,24.5,41,21
22,44,24.5,41,21
22,46,24.5,41,21
22,46,24.5,41,21
22,46,24.5,41,21
22,46,24.5,41,21
22,46,24.5,41,21
22,43,24.5,42,20
22,43,24.5,42,20
22,43,24.5,42,20
22,43,24.5,42,20
22,43,24.5,42,20
22,46,24.5,42,20
22,46,24.5,42,20
22,46,24.5,42,20
22,46,24.5,42,20
22,46,24.5,42,20
22,43,24.43,43,19
22,43,24.43,43,19
22,43,24.43,43,19
22,43,24.43,43,19
22,43,24.43,43,19
22,43,24.43,43,19
22,43,24.43,43,19
22,43,24.43,43,19
22,43,24.43,43,19
22,43,24.43,43,19
22,41,24.43,44,18
22,41,24.43,44,18
22,41,24.43,44,18
22,41,24.43,44,18
22,41,24.43,44,18
22,46,24.43,44,18
22,46,24.43,44,18
22,46,24.43,44,18
22,46,24.43,44,18
22,46,24.43,44,18
22,41,24.43,45,17
22,41,24.43,45,17
22,41,24.43,45,17
22,41,24.43,45,17
22,41,24.43,45,17
22,41,24.43,45,17
22,41,24.43,45,17
22,41,24.43,45,17
22,41,24.43,45,17
22,41,24.43,45,17
23,39,24.43,46,16
23,39,24.43,46,16
23,39,24.43,46,16
23,39,24.43,46,16
23,39,24.43,46,16
23,39,24.43,46,16
23,39,24.43,46,16
23,39,24.43,46,16
23,39,24.43,46,16
23,39,24.43,46,16
23,39,24.43,47,15
23,39,24.43,47,15
23,39,24.43,47,15
23,39,24.43,47,15
23,39,24.43,47,15
23,39,24.43,47,15
23,39,24.43,47,15
23,39,24.43,47,15
23,39,24.43,47,15
23,39,24.43,47,15
23,39,24.5,48,14
23,39,24.5,48,14
23,39,24.5,48,14
23,39,24.5,48,14
23,39,24.5,48,14
23,39,24.5,48,14
23,39,24.5,48,14
23,39,24.5,48,14
23,39,24.5,48,14
23,39,24.5,48,14
23,38,24.43,49,13
23,38,24.43,49,13
23,38,24.43,49,13
23,38,24.43,49,13
23,38,24.43,49,13
23,38,24.43,49,13
23,38,24.43,49,13
23,38,24.43,49,13
23,38,24.43,49,13
23,38,24.43,49,13
23,37,24.43,50,12
23,37,24.43,50,12
23,37,24.43,50,12
23,37,24.43,50,12
23,37,24.43,50,12
23,37,24.43,50,12
23,37,24.43,50,12
23,37,24.43,50,12
23,37,24.43,50,12
23,37,24.43,50,12
23,37,24.43,51,11
23,37,24.43,51,11
23,37,24.43,51,11
23,37,24.43,51,11
23,37,24.43,51,11
23,37,24.43,51,11
23,37,24.43,51,11
23,37,24.43,51,11
23,37,24.43,51,11
23,37,24.43,51,11
23,37,24.5,52,10
23,37,24.5,52,10
23,37,24.5,52,10
23,37,24.5,52,10
23,37,24.5,52,10
23,37,24.5,52,10
23,37,24.5,52,10
23,37,24.5,52,10
23,37,24.5,52,10
23,37,24.5,52,10
23,36,24.5,53,9
23,36,24.5,53,9
23,36,24.5,53,9
23,36,24.5,53,9
23,36,24.5,53,9
23,36,24.5,53,9
24,43,24.5,53,9
24,43,24.5,53,9
24,43,24.5,53,9
24,43,24.5,53,9
23,39,24.5,54,8
23,39,24.5,54,8
23,39,24.5,54,8
23,39,24.5,54,8
23,39,24.5,54,8
23,39,24.5,54,8
24,43,24.5,54,8
24,43,24.5,54,8
24,43,24.5,54,8
24,43,24.5,54,8
24,37,24.62,55,7
24,37,24.62,55,7
24,37,24.62,55,7
24,37,24.62,55,7
24,37,24.62,55,7
24,37,24.62,55,7
24,43,24.62,55,7
24,43,24.62,55,7
24,43,24.62,55,7
24,43,24.62,55,7
24,36,24.56,56,6
24,36,24.56,56,6
24,36,24.56,56,6
24,36,24.56,56,6
24,36,24.56,56,6
24,36,24.56,56,6
24,36,24.56,56,6
24,36,24.56,56,6
24,36,24.56,56,6
24,36,24.56,56,6
23,19,24.68,57,5
23,19,24.68,57,5
23,19,24.68,57,5
23,19,24.68,57,5
23,19,24.68,57,5
23,19,24.68,57,5
23,19,24.68,57,5
23,22,24.68,57,5
23,22,24.68,57,5
23,22,24.68,57,5
23,19,24.87,58,4
23,19,24.87,58,4
23,19,24.87,58,4
23,19,24.87,58,4
23,19,24.87,58,4
23,19,24.87,58,4
23,19,24.87,58,4
22,20,24.87,58,4
22,20,24.87,58,4
22,20,24.87,58,4
23,18,24.68,59,3
23,18,24.68,59,3
23,18,24.68,59,3
23,18,24.68,59,3
23,18,24.68,59,3
23,18,24.68,59,3
23,18,24.68,59,3
23,19,24.68,59,3
23,19,24.68,59,3
23,19,24.68,59,3
23,18,24.68,60,2
23,18,24.68,60,2
23,18,24.68,60,2
23,18,24.68,60,2
23,18,24.68,60,2
23,18,24.68,60,2
23,18,24.68,60,2
23,18,24.68,60,2
23,18,24.68,60,2
23,18,24.68,60,2
24,17,24.62,61,1
24,17,24.62,61,1
24,17,24.62,61,1
24,17,24.62,61,1
24,17,24.62,61,1
24,17,24.62,61,1
24,17,24.62,61,1
24,17,24.62,61,1
24,17,24.62,61,1
24,17,24.62,61,1
24,17,24.62,62,0
24,17,24.62,62,0
24,17,24.62,62,0
24,17,24.62,62,0
24,17,24.62,62,0
24,17,24.62,62,0
24,17,24.62,62,0
24,19,24.62,62,0
24,19,24.62,62,0
24,19,24.62,62,0
